Name                                                           ,Phone           ,Website                                                                                                                                                                                    ,Google Stars ,Google Reviews ,TripAdvisor Stars ,TripAdvisor Reviews ,Wanderlog Ranking ,Wanderlog List                                                   ,About                                                                                                                                                                                                                                                                                                                                                                                                                                                                                                                                                                                           ,Link
Grazia Fine Food & Wine                                        ,+27 87 350 4066 ,http://www.graziafinefood.co.za/                                                                                                                                                           ,         4.5 ,          1880 ,              4.5 ,                645 ,#1 on             ,"#1 on""Where to eat: the 50 best restaurants in Eastern Cape""" ,"AboutGrazia Fine Food & Wine is a Mediterranean restaurant in East London with outdoor seating and parking available. The menu includes Italian dishes such as seafood and pasta, European favourites like shepherd's pie, and international favourites like buffalo chicken wrap. The restaurant also has a full bar serving wine and beer, and accepts American Express, Mastercard, and Visa."                                                                                                                                                                                              ,https://wanderlog.com/place/details/893386/grazia-fine-food--wine
"Lavender Blue Market, Café & Deli"                            ,+27 43 732 1172 ,https://lavenderbluemarket.co.za/                                                                                                                                                          ,         4.5 ,          1419 ,              4.5 ,                266 ,#4 on             ,"#4 on""Where to eat: the 50 best restaurants in East London"""  ,"AboutLavender Blue Market, Café & Deli is a must-visit spot in the Eastern Cape, particularly if you're traveling on Route 72 between East London and Port Elizabeth. This family-friendly destination offers a delightful atmosphere with ample space for children to play while you enjoy delicious eats and drinks. The market features a variety of offerings including fresh produce, delectable sauces, sweets, and gifts. Additionally, there's a shop with beautiful clothes and more gifts to explore."                                                                               ,https://wanderlog.com/place/details/2902979/lavender-blue-market-café--deli
THE BEACH BREAK                                                ,+27 78 171 2579 ,https://www.facebook.com/nahoonbreak/                                                                                                                                                      ,         4.5 ,          1080 ,              4.5 ,                 58 ,#3 on             ,"#3 on""Where to eat: the 50 best restaurants in East London"""  ,"AboutNestled in a serene environment, The Beach Break Cafe is a beloved spot for both locals and visitors seeking a delightful dining experience. Renowned for its exceptional coffee, light lunches, hearty breakfasts, and delectable cakes, this family-friendly cafe offers an array of healthy options like chicken wraps and scrumptious carrot cake. Guests can unwind under the trees while savoring their meals in a peaceful atmosphere that encourages relaxation."                                                                                                                 ,https://wanderlog.com/place/details/2801883/the-beach-break
Emerald Vale Brewery                                           ,+27 43 738 5397 ,http://www.emeraldvale.co.za/                                                                                                                                                              ,         4.6 ,           804 ,              4.0 ,                 52 ,#1 on             ,"#1 on""Where to eat: the 50 best restaurants in East London"""  ,"AboutNestled in the picturesque Cintsa East, just a short drive from East London, Emerald Vale Brewery is a charming family-owned establishment offering stunning views of the Eastern Cape's verdant landscapes. The brewery boasts a play area for children and serves up delectable pub-style dishes alongside their craft beers, all made with fresh rainwater. Whether you prefer Pale, Gold, Amber or Dark Ale, there's something to suit every beer enthusiast's palate."                                                                                                               ,https://wanderlog.com/place/details/233652/emerald-vale-brewery
"Sanook Cafe, East London"                                     ,+27 43 721 3215 ,http://www.sanook.co.za/                                                                                                                                                                   ,         4.6 ,          1806 ,              4.5 ,                564 ,#2 on             ,"#2 on""Where to eat: the 50 best restaurants in Eastern Cape""" ,"AboutSanook Cafe is a restaurant located in Berea, East London. The cafe serves Italian, American, pizza and vegetarian friendly dishes. The cafe has outdoor seating and also offers table service."                                                                                                                                                                                                                                                                                                                                                                                          ,https://wanderlog.com/place/details/63711/sanook-cafe-east-london
Ocean Basket East London                                       ,+27 43 727 5018 ,https://oceanbasket.co.za/?utm_source=google_maps&utm_medium=website_button&utm_campaign=SP&utm_content=SP                                                                                 ,         4.1 ,          1166 ,              4.0 ,                244 ,#7 on             ,"#7 on""Where to eat: the 50 best restaurants in East London"""  ,"AboutOcean Basket East London is a popular seafood restaurant located in Port Elizabeth, Nelson Mandela Bay, Eastern Cape, South Africa. It offers a cheerful atmosphere and serves a variety of seafood dishes and sharing platters. Visitors have enjoyed celebrating special occasions at the restaurant and noted that it caters to groups with diverse preferences. While some mentioned minor inconveniences like leaking roofs during rainy weather, the overall consensus is that Ocean Basket East London provides great food and an enjoyable dining experience."                    ,https://wanderlog.com/place/details/893394/ocean-basket-east-london
Café Neo                                                       ,+27 43 722 4531 ,https://www.dining-out.co.za/md-menu/Cafe-Neo-East-London/4743                                                                                                                             ,         4.3 ,          1248 ,              4.0 ,                156 ,#11 on            ,"#11 on""Where to eat: the 50 best restaurants in East London""" ,"AboutCafé Neo is a charming eatery that stands out for its diverse menu and inviting ambiance, making it an ideal spot for casual dining and intimate gatherings. With a delightful selection of dishes ranging from Mediterranean-inspired breakfasts to hearty lunches and dinners, this café caters to all tastes. Guests rave about the top-notch cocktails crafted from premium ingredients, alongside mouthwatering options like pasta, burgers, oxtail with veggies, and seafood delights. The attentive staff ensures a warm welcome and excellent service throughout your visit."     ,https://wanderlog.com/place/details/2801908/café-neo
Cantina and Craft                                              ,+27 43 748 2636 ,https://www.sanook.co.za/cantina/                                                                                                                                                          ,         4.6 ,           156 ,              4.5 ,                126 ,#10 on            ,"#10 on""Where to eat: the 50 best restaurants in East London""" ,"AboutNestled in The Crossing of Beacon Bay, Cantina & Craft is a vibrant Mexican-themed restaurant that promises an unforgettable dining experience for the whole family. With a delightful kids' menu featuring fun options like Corn on the Cob, Cheesy Nachos with Chicken, and Mini Burritos with Mac and Cheese, even picky eaters will find something to enjoy. The stylish yet relaxed ambiance creates a welcoming atmosphere complemented by friendly service."                                                                                                                       ,https://wanderlog.com/place/details/2801860/cantina-and-craft
The Cow and Milk Shed                                          ,+27 43 735 1513 ,https://www.facebook.com/thecowandmilkshed/                                                                                                                                                ,         4.4 ,           930 ,              4.0 ,                 89 ,#6 on             ,"#6 on""Where to eat: the 50 best restaurants in East London"""  ,"AboutThe Cow and Milk Shed is a cozy eatery that offers reinvented comfort food in a pleasant atmosphere. The menu features dishes like Wiltshire pork sausage on mash with onion gravy and creamy salmon-and-pea risotto, all beautifully presented. However, the highlight is their dry-aged steaks served with flavorful sauces. Whether you choose to dine at the bar or restaurant side, you can expect generous serving sizes and attentive service."                                                                                                                                    ,https://wanderlog.com/place/details/893392/the-cow-and-milk-shed
Jules On Jarvis                                                ,+27 73 528 4033 ,https://julesonjarvis.co.za/                                                                                                                                                               ,         4.5 ,          1288 ,              5.0 ,                 75 ,#9 on             ,"#9 on""Where to eat: the 50 best restaurants in East London"""  ,"AboutNestled in the heart of East London, Jules on Jarvis is a delightful bistro and coffee shop that emphasizes fresh, local ingredients to create honest and delectable meals. With an inviting atmosphere perfect for enjoying breakfast, lunch, or dinner, this charming spot features a menu that includes gourmet pizzas and tempting homemade treats. The culinary expertise of two Cordon-bleu chefs ensures every dish is crafted with care."                                                                                                                                         ,https://wanderlog.com/place/details/2801853/jules-on-jarvis
The Grillroom                                                  ,+27 43 709 5018 ,https://thegrillroom.co.za/                                                                                                                                                                ,         4.1 ,            37 ,              3.5 ,                  5 ,#12 on            ,"#12 on""Where to eat: the 50 best restaurants in East London""" ,"AboutThe Grillroom is an upscale beachfront steakhouse offering a diverse range of reasonably priced, high-quality meals. Its extensive wine and beverage selection perfectly complements the menu. The interior is stunningly beautiful, immaculately clean, and boasts friendly service. The steaks are of exceptional quality and are presented with exquisite taste. The atmosphere is warm, cozy, making it suitable for intimate dinners or year-end team functions."                                                                                                                    ,https://wanderlog.com/place/details/3192615/the-grillroom
Sanook Eatery                                                  ,+27 43 748 2494 ,http://www.sanook.co.za/                                                                                                                                                                   ,         4.5 ,          2312 ,              4.5 ,                243 ,#5 on             ,"#5 on""Where to eat: the 50 best restaurants in Eastern Cape""" ,"AboutNestled away from the hustle and bustle of city life, Sanook Eatery is a delightful addition to East London's dining scene. This charming venue offers a warm and cozy atmosphere, making it an ideal spot for families with older children or anyone looking to enjoy a meal in comfort. The menu boasts an impressive array of options, from mouthwatering pizzas and gourmet burgers to more refined dishes like dukkah-crusted fillet and biltong-spiced sirloin steak."                                                                                                              ,https://wanderlog.com/place/details/893400/sanook-eatery
The Cricketer                                                  ,+27 83 659 8899 ,http://www.2swans.co.za/restaurant/                                                                                                                                                        ,         4.7 ,           332 ,              4.5 ,                 98 ,#14 on            ,"#14 on""Where to eat: the 50 best restaurants in East London""" ,"AboutThe Cricketer, located approximately 17 kilometers outside of East London, is a beloved dining spot known for its top-notch steaks and warm atmosphere. The restaurant exudes a cozy and rustic charm, offering a homely yet elegant setting for patrons to enjoy quality food and attentive service. Visitors praise the delicious steaks, particularly the rump steak, as well as other menu items like Springbok carpaccio. Guests also appreciate the affordable breakfast options and friendly staff."                                                                               ,https://wanderlog.com/place/details/893388/the-cricketer
The Reef Café                                                  ,+27 83 419 3056 ,https://www.facebook.com/thereefcafeEL/?view_public_for=182132651930649                                                                                                                    ,         4.3 ,           529 ,              4.0 ,                 42 ,#21 on            ,"#21 on""Where to eat: the 50 best restaurants in East London""" ,"AboutThe Reef Café, located in a beautiful and peaceful setting, offers more than just delicious food and a welcoming atmosphere. Visitors can take advantage of a special offer that includes a free coffee for those who use provided plastic bags to pick up garbage on the beaches. The manager is known for being hands-on, ensuring high standards in both food and service. Additionally, the café's location provides access to scenic walks through nature reserves with stunning views of sand dunes and the sea."                                                                   ,https://wanderlog.com/place/details/2802072/the-reef-café
Silver Eagle Spur Steak Ranch                                  ,+27 43 721 0995 ,https://www.spursteakranches.com/za/restaurant/silver-eagle-spur?utm_source=google_maps&utm_medium=website_button&utm_campaign=SP&utm_content=SP                                           ,         4.2 ,          1936 ,              4.0 ,                 37 ,#20 on            ,"#20 on""Where to eat: the 50 best restaurants in East London""" ,"AboutThe Silver Eagle Spur Steak Ranch is a family-friendly restaurant with excellent service, that dishes up steaks, burgers, ribs and wings. It's a great place to go for a meal or takeout, and they accept American Express, Mastercard and Visa. Free wifi is available as well as delivery."                                                                                                                                                                                                                                                                                             ,https://wanderlog.com/place/details/2801907/silver-eagle-spur-steak-ranch
Ginger & Co                                                    ,+27 82 870 0144 ,https://www.facebook.com/gingerfood/                                                                                                                                                       ,         4.6 ,           535 ,              4.5 ,                 29 ,#18 on            ,"#18 on""Where to eat: the 50 best restaurants in East London""" ,"AboutGinger & Co is a well-established fine-dining restaurant located in Gqeberha's Beach Hotel, offering stylish dining with sea views. The menu features contemporary dishes with local flair, including an impressive selection of seafood, steaks, and game meats. The restaurant prides itself on serving meals made with love and passion, providing diners with a memorable culinary experience."                                                                                                                                                                                       ,https://wanderlog.com/place/details/2801894/ginger--co
John Dory's Hemingways Mall                                    ,+27 43 753 0073 ,https://www.johndorys.com/za/find-a-restaurant/eastern-cape/cambridge-village/john-dory's-hemingways-mall/?utm_source=google_maps&utm_medium=website_button&utm_campaign=SP&utm_content=SP ,         3.7 ,            65 ,              1.0 ,                  2 ,#23 on            ,"#23 on""Where to eat: the 50 best restaurants in East London""" ,"AboutJohn Dory's Hemingways Mall offers a delightful dining experience with a variety of menu options to choose from. Guests can enjoy a romantic dinner with excellent food and hospitable hosts. The Maritime platter special is highly recommended, along with the delicious sushi and refreshing Pina colada. The attentive service adds to the overall enjoyable visit at this restaurant."                                                                                                                                                                                               ,https://wanderlog.com/place/details/7694484/john-dorys-hemingways-mall
Irana Indian Restaurant                                        ,+27 43 721 2231 ,https://www.facebook.com/iranarestaurant/                                                                                                                                                  ,         4.4 ,           258 ,              4.5 ,                212 ,#31 on            ,"#31 on""Where to eat: the 50 best restaurants in East London""" ,"AboutWhen an elderly man had a vision and ran out of time, someone stepped up to fulfill his dream. Having worked as a chef for 45 years, IRANA Gooranah dedicated himself to the culinary industry, honing his skills day after day. Nestled in a small corner, Irana Indian Restaurant offers delectable Indian cuisine with a touch of elegance."                                                                                                                                                                                                                                           ,https://wanderlog.com/place/details/2801849/irana-indian-restaurant
Windmill Roadhouse                                             ,+27 43 722 9208 ,https://www.windmillroadhouse.co.za/                                                                                                                                                       ,         4.4 ,          6065 ,              4.0 ,                202 ,#33 on            ,"#33 on""Where to eat: the 50 best restaurants in East London""" ,"AboutThe Windmill Roadhouse is a restaurant with a wide menu that includes breakfast, lunch and dinner. The food was good, and the milkshakes were popular. There is a lot of parking available, and service was excellent. The atmosphere was even better."                                                                                                                                                                                                                                                                                                                                   ,https://wanderlog.com/place/details/2801878/windmill-roadhouse
Mugg & Bean                                                    ,+27 43 726 5898 ,https://location.muggandbean.co.za/east-london-vincent-park?y_source=1_MTI0NDAzNjItNzE1LWxvY2F0aW9uLndlYnNpdGU%3D                                                                          ,         4.0 ,           949 ,              3.5 ,                142 ,#38 on            ,"#38 on""Where to eat: the 50 best restaurants in East London""" ,"AboutMugg & Bean is a modern chain cafe known for its hearty classics, gourmet burgers, sandwiches, and giant muffins. The restaurant offers a variety of breakfast and brunch options such as Omelettes, Eggs Benedict choices including unique options like Buffalo Chicken & Blue Cheese Eggs Benedict. With locations at Vincent Park Shopping Centre, Hemingways Mall, and East London Airport, Mugg & Bean provides a relaxed and cozy atmosphere suitable for family dinners, business lunches or catching up with friends."                                                            ,https://wanderlog.com/place/details/2801940/mugg--bean
Shanghai Chinese Restaurant & Sushi Bar                        ,+27 43 748 2998 ,https://www.shanghairestaurant.co.za/                                                                                                                                                      ,         4.2 ,           707 ,              4.0 ,                107 ,#35 on            ,"#35 on""Where to eat: the 50 best restaurants in East London""" ,"AboutShanghai Chinese Restaurant & Sushi Bar has two locations in Beacon Bay and Quigney, offering delicious Cantonese cuisine and sushi at great value. The restaurant is known for its authentic Shanghai dishes like brinjal fritters, sizzling lamb, and chicken with cashew nuts. Special occasions can be celebrated with a pre-ordered Peking duck with plum sauce. The atmosphere may feel a bit cold, but the friendly and helpful waitstaff make up for it."                                                                                                                         ,https://wanderlog.com/place/details/2801896/shanghai-chinese-restaurant--sushi-bar
Heavenly Pancake House                                         ,+27 43 740 5273 ,http://www.bestcoffeeshops.co.za/pancake-house-gonubie.html                                                                                                                                ,         4.2 ,          1482 ,              3.5 ,                 71 ,#34 on            ,"#34 on""Where to eat: the 50 best restaurants in East London""" ,"AboutHeavenly Pancake House in Gonubie is a charming beachfront venue that specializes in savory and sweet pancakes. The restaurant offers fresh, high-quality dishes with friendly and attentive staff. Guests can enjoy the stunning ocean views while sipping on cappuccinos and indulging in delicious pancakes. Although parking may be limited, the overall experience of dining at this establishment is delightful, with many visitors praising the excellent service and breathtaking sea view."                                                                                      ,https://wanderlog.com/place/details/2801889/heavenly-pancake-house
Table 58 Brewing                                               ,+27 43 748 2815 ,http://www.table58brewing.co.za/                                                                                                                                                           ,         4.5 ,          1350 ,              4.5 ,                 39 ,#37 on            ,"#37 on""Where to eat: the 50 best restaurants in East London""" ,"AboutTable 58 Brewing is a charming craft brewery located within the beautiful gardens of the Floradale Garden Centre in Beacon Bay. It has become a popular spot for both locals and tourists, offering an array of craft beers, a value-for-money menu, and a spacious outdoor deck with local entertainment. The atmosphere is welcoming and vibrant, with special offers like buy-one-get-one-free burgers on Tuesdays. The large beer garden creates an outdoor feel while maintaining comfort among the trees."                                                                          ,https://wanderlog.com/place/details/2801934/table-58-brewing
Wimpy                                                          ,+27 43 722 2898 ,https://location.wimpy.co.za/east-london-esplanade?y_source=1_MTIzNjA3MTctNzE1LWxvY2F0aW9uLndlYnNpdGU%3D                                                                                   ,         4.2 ,          1664 ,              4.0 ,                 30 ,#32 on            ,"#32 on""Where to eat: the 50 best restaurants in East London""" ,"AboutWimpy is a well-established casual dining spot known for its selection of burgers, mixed grills, and other classic comfort dishes. Situated by the ocean, it offers a serene atmosphere with a refreshing sea breeze. Visitors have praised the friendly staff who go out of their way to assist guests, such as providing access to WiFi for booking transportation. The eatery is lauded for its great service and delicious food, making it an ideal spot for a satisfying breakfast or a filling meal."                                                                               ,https://wanderlog.com/place/details/2801866/wimpy
Panarottis Hemingways                                          ,+27 43 726 2014 ,https://www.panarottis.com/za/restaurants/eastern-cape/panarottis-hemingways/?utm_source=google_maps&utm_medium=website_button&utm_campaign=SP&utm_content=SP                              ,         4.0 ,           335 ,              3.5 ,                 23 ,#40 on            ,"#40 on""Where to eat: the 50 best restaurants in East London""" ,"AboutPanarottis Hemingways is an Italian restaurant located at Hemingways. It offers a wide variety of delicious pizza and pasta made from high-quality ingredients. The restaurant provides a family-friendly environment with an awesome kiddies area where kids can build their own pizzas and decorate their own waffles. The service is known for being friendly and accommodating, making every visitor feel comfortable."                                                                                                                                                               ,https://wanderlog.com/place/details/2943439/panarottis-hemingways
La Cuisinette                                                  ,+27 43 748 3964 ,http://www.lacuisinette.co.za/                                                                                                                                                             ,         4.5 ,           131 ,              4.5 ,                 17 ,#43 on            ,"#43 on""Where to eat: the 50 best restaurants in East London""" ,"AboutThe new location of La Cuisinette is smaller, but it offers a more intimate atmosphere. They were the only ones booked on that particular night, which allowed for excellent service. The food was exquisite, ranging from delicious steak to flavorful tongue. It would have been nice if they had something special for the birthday girl in our group, as this could potentially attract more people to celebrate their birthdays at the restaurant."                                                                                                                                  ,https://wanderlog.com/place/details/3001073/la-cuisinette
Ciao Bella Cafe & Pizzeria                                     ,+27 43 735 1542 ,http://www.ciaobellacafe.co.za/                                                                                                                                                            ,         4.6 ,           296 ,              4.5 ,                 16 ,#27 on            ,"#27 on""Where to eat: the 50 best restaurants in East London""" ,"AboutNestled along Old Transkei Road in Nahoon, Ciao Bella Cafe & Pizzeria is a delightful haven for lovers of authentic Italian cuisine. This charming spot specializes in mouthwatering pizzas, delectable pasta dishes, and scrumptious paninis that are sure to satisfy any craving. Open throughout the week with varying hours, it’s an ideal place for breakfast or a cozy dinner. During my recent visit while passing through town, I stumbled upon this little gem after a quick online search."                                                                                     ,https://wanderlog.com/place/details/893402/ciao-bella-cafe--pizzeria
Brazas Portuguese Fusion                                       ,+27 73 853 9115 ,http://www.brazas.co.za/                                                                                                                                                                   ,         4.8 ,           162 ,              5.0 ,                 15 ,#48 on            ,"#48 on""Where to eat: the 50 best restaurants in East London""" ,"AboutBrazas Portuguese Fusion in East London is making a mark with its unique and vibrant flair, embodying the motto ""Mi Casa Su Casa"" to create a welcoming and homely atmosphere. The restaurant boasts a cozy ambiance with personalized decor and soft lighting, setting the stage for an exceptional dining experience. Blending traditional Portuguese flavors with innovative twists, Brazas offers a delightful and unforgettable culinary journey."                                                                                                                                 ,https://wanderlog.com/place/details/3192635/brazas-portuguese-fusion
Areena Quays Restaurant                                        ,+27 71 720 5867 ,http://www.areenaresort.com/                                                                                                                                                               ,         4.2 ,           532 ,              3.5 ,                 14 ,#45 on            ,"#45 on""Where to eat: the 50 best restaurants in East London""" ,"AboutAreena Quays Restaurant is a family-friendly dining spot with a tranquil environment and plenty of activities for kids. The restaurant offers delicious food and fantastic service, making it an ideal place for a special celebration or a relaxing meal. With its stunning views and serene ambience, Areena Quays Restaurant is the perfect destination for those looking to enjoy an ""All you can eat"" experience while surrounded by nature."                                                                                                                                      ,https://wanderlog.com/place/details/3001098/areena-quays-restaurant
Jade Garden Fusion Restaurant                                  ,+27 63 451 3912 ,https://www.facebook.com/jadegardenfusionrestaurant/                                                                                                                                       ,         4.8 ,           104 ,              5.0 ,                 12 ,#36 on            ,"#36 on""Where to eat: the 50 best restaurants in East London""" ,"AboutJade Garden Fusion Restaurant is a top-rated spot in East London, offering a pleasant and beautiful setting with comfortable seating. The restaurant is known for its marvelous food, and the staff provides great service, making it a rare find in the area. Visitors praise the cleanliness, newness, and appealing decor of the restaurant. The menu features a variety of Chinese dishes that have impressed even those who were previously not fans of certain flavors. Customers can enjoy dine-in or take advantage of the convenient takeaway service."                          ,https://wanderlog.com/place/details/2801923/jade-garden-fusion-restaurant
Key Largo                                                      ,+27 43 707 7985 ,https://www.southernsun.com/southern-sun-hemingways/dining/key-largo?utm_source=google&utm_medium=businesslisting&utm_campaign=rstrnt_key-largo                                            ,         4.3 ,            42 ,              3.5 ,                 10 ,#28 on            ,"#28 on""Where to eat: the 50 best restaurants in East London""" ,"AboutKey Largo, located at Hemingways Hotel, offers a diverse selection of dishes from the grill buffet and a la carte menu. The restaurant boasts stunning views of the beautiful gardens and is open for breakfast, lunch, and dinner. Guests have praised the exquisite food and excellent service, making it an unforgettable dining experience. The buffet on Friday nights is particularly popular for its delicious offerings. Chef Shaun Gibb's culinary skills have been highlighted as exceptional, adding to the restaurant's appeal."                                              ,https://wanderlog.com/place/details/893406/key-largo
Elahleni Food and Braai                                        ,+27 78 726 8835 ,https://elahleni.co.za/                                                                                                                                                                    ,         4.3 ,           304 ,              4.0 ,                  1 ,#47 on            ,"#47 on""Where to eat: the 50 best restaurants in East London""" ,"AboutElahleni Food and Braai offers a variety of experiences to its customers. From enjoying their reasonably priced braai meat as a takeaway lunch option, to hosting intimate birthday dinners in their VIP room, they strive to create memorable moments for their patrons. The restaurant's decor team beautifully sets up the VIP room, allowing diners to enjoy a private ambiance while still faintly hearing the lively atmosphere of other guests. The food is known to be delicious and the staff is attentive and helpful."                                                         ,https://wanderlog.com/place/details/3192627/elahleni-food-and-braai
McDonald's Oxford Road Drive-Thru                              ,+27 43 722 1697 ,http://www.mcdonalds.co.za/                                                                                                                                                                ,         3.7 ,          2237 ,              3.7 ,               2237 ,#50 on            ,"#50 on""Where to eat: the 50 best restaurants in East London""" ,"AboutMcDonald's Oxford Road Drive-Thru is a renowned, time-honored fast-food franchise recognized for its delectable hamburgers and crispy fries. With an extensive history of operation, this iconic establishment has built a solid reputation among diners worldwide. Its menu showcases an array of savory options, including succulent beef patties nestled between soft buns, accompanied by perfectly seasoned deep-fried potato sticks."                                                                                                                                               ,https://wanderlog.com/place/details/3192657/mcdonalds-oxford-road-drive-thru
Quarry Lake Inn                                                ,+27 43 707 5400 ,https://quarrylakeinn.co.za/                                                                                                                                                               ,         4.6 ,           230 ,              4.6 ,                230 ,#25 on            ,"#25 on""Where to eat: the 50 best restaurants in East London""" ,"AboutQuarry Lake Inn is a laid-back guesthouse in East London, offering unfussy rooms with beautiful views of the former quarry and the surrounding greenery. The establishment provides an outdoor pool, sundeck, and gym for a tranquil stay. Guests have praised the helpful and caring staff, scrupulously clean rooms with clever design for unexpected but beautiful views. The inn is perfectly situated within trees and by a lake, providing spacious well-decorated clean rooms with ensuite bathrooms."                                                                             ,https://wanderlog.com/place/details/798614/quarry-lake-inn
Blue Sea Guest house                                           ,+27 83 440 2161 ,https://bluesealodge.co.za/                                                                                                                                                                ,         4.4 ,           115 ,              4.4 ,                115 ,#30 on            ,"#30 on""Where to eat: the 50 best restaurants in East London""" ,"AboutLocated in East London, Blue Sea Guest House is the perfect choice for families seeking a relaxing and enjoyable stay. The friendly host provides a comprehensive tour of all the facilities upon arrival. The rooms are comfortable and equipped with everything you need. A delectable breakfast, prepared by the hostess herself, can be enjoyed by guests. Safety is ensured with electric gates to protect vehicles, and there is also a pool and expansive lawn for children to play on."                                                                                           ,https://wanderlog.com/place/details/2318543/blue-sea-guest-house
RocoMamas Beacon Bay Crossing                                  ,+27 43 748 1596 ,https://www.rocomamas.com/za/find-a-restaurant/rocomamas-beacon-bay/?utm_source=google_maps&utm_medium=website_button&utm_campaign=SP&utm_content=SP                                       ,         4.3 ,          1499 ,              4.0 ,                 86 ,N/A               ,N/A                                                              ,"AboutRocoMamas Beacon Bay Crossing is a great hamburger restaurant in East London. The food was amazing and the service was excellent. Unfortunately, the waiter wasn't visible at our table, but overall it was a good experience."                                                                                                                                                                                                                                                                                                                                                           ,https://wanderlog.com/place/details/893405/rocomamas-beacon-bay-crossing
East London Museum                                             ,+27 43 743 0686 ,http://www.elmuseum.za.org/                                                                                                                                                                ,         4.4 ,           482 ,              4.0 ,                 73 ,#1 on             ,"#1 on""Top 50 things to do and attractions in East London"""    ,"AboutNestled at the northern end of Oxford Street, the East London Museum is a treasure trove for those intrigued by natural and cultural history. Established in 1921, this captivating museum showcases an array of exhibits that highlight the region's rich heritage. The star of the show is undoubtedly the coelacanth, a prehistoric fish thought to have been extinct for over 80 million years until its remarkable rediscovery in 1938 near East London."                                                                                                                            ,https://wanderlog.com/place/details/16895/east-london-museum
Friesland Milk Bar                                             ,+27 43 722 3260 ,https://m.facebook.com/FrieslandMilkBar/                                                                                                                                                   ,         4.5 ,          1463 ,              4.5 ,                111 ,#9 on             ,"#9 on""Top 50 things to do and attractions in East London"""    ,"AboutThis renowned milk bar in East London is well-known for its delectable ice cream and milkshakes, boasting a wide array of mouthwatering flavors and a variety of scrumptious sauces. With over 20 irresistible options to choose from, visitors can indulge in the sweeter side of the city. Whether you're craving a thick and creamy treat or simply looking to savor the best milkshake in South Africa, Friesland Milk Bar is a must-visit destination."                                                                                                                              ,https://wanderlog.com/place/details/3020207/friesland-milk-bar
"Areena Riverside Resort, Caravan Park & Private Game Reserve" ,+27 43 734 3055 ,http://www.areenaresort.com/                                                                                                                                                               ,         4.5 ,            37 ,              4.5 ,                 37 ,#10 on            ,"#10 on""Top 50 things to do and attractions in East London"""   ,"AboutAreena Riverside Resort Camping is a slice of paradise located on the Kwelera River in the Eastern Cape. The well-maintained camp offers clean ablution facilities and a restaurant, with the added bonus of being part of a game farm where you can spot impala, zebras, blesbuck, nyala, and giraffes."                                                                                                                                                                                                                                                                                 ,https://wanderlog.com/place/details/10192874/areena-riverside-resort-caravan-park--private-game-reserve
Hemingways Mall                                                ,+27 43 721 3180 ,https://www.hemingwaysmall.co.za/                                                                                                                                                          ,         4.3 ,          3335 ,              4.3 ,               3335 ,#18 on            ,"#18 on""Top 50 things to do and attractions in East London"""   ,"AboutHemingways Mall is a bustling shopping destination with over 160 stores, offering a wide range of stylish items for your home. The mall provides a perfect ambiance and features various entertainment options such as a 3D movie theatre, bowling alley, casino, and food court. Additionally, it serves as an excellent rainy day alternative to the beach with more than 200 shops and amenities like an amphitheater for fashion shows and music events."                                                                                                                             ,https://wanderlog.com/place/details/6173208/hemingways-mall
Gately House                                                   ,+27 43 731 1500 ,http://www.theheritageportal.co.za/thread/gately-house-east-london                                                                                                                         ,         5.0 ,             2 ,              5.0 ,                  2 ,#16 on            ,"#16 on""Top 50 things to do and attractions in East London"""   ,"AboutGately House, a colonial-style single-story building, stands as one of the oldest structures on the east bank of the Buffalo River. Constructed in 1876 for John Gately, a prominent figure in the city's history, this house served as a residence for his family until 1966. Following Gately's daughter's donation of its contents to preserve its historical significance, it now operates as the Gately House Historical Museum."                                                                                                                                                    ,https://wanderlog.com/place/details/561896/gately-house
East London City Hall                                          ,+27 43 705 1075 ,https://www.artefacts.co.za/main/Buildings/bldgframes.php?bldgid=2083                                                                                                                      ,         4.4 ,            28 ,              4.5 ,                  3 ,#23 on            ,"#23 on""Top 50 things to do and attractions in East London"""   ,"AboutEast London City Hall is a must-see attraction in the area, boasting an impressive and grand architectural design that dominates the cityscape. Built during Queen Victoria's diamond jubilee, it features the striking Victoria Tower as a tribute to her reign. The building stands as a symbol of English colonial rule in Africa during that era. Visitors can enjoy good food and beverages while taking in the stunning surroundings and excellent service at this beautiful venue."                                                                                                ,https://wanderlog.com/place/details/169566/east-london-city-hall
East London Golf Club                                          ,+27 43 735 1356 ,https://www.elgc.co.za/                                                                                                                                                                    ,         4.4 ,           748 ,              4.4 ,                748 ,#37 on            ,"#37 on""Top 50 things to do and attractions in East London"""   ,"AboutEast London Golf Club is a historic and top-rated course that has hosted numerous tournaments. The venue is known for its professional staff, excellent service, and stunning views. It offers a unique experience with resident impala roaming the grounds. The golf course is well-maintained with breathtaking holes and perfect greens. Additionally, it features great amenities such as a bar, restaurant, and conference center. Visitors can also enjoy encounters with local wildlife like monkeys and Springboks while appreciating the spacious surroundings."                 ,https://wanderlog.com/place/details/10398449/east-london-golf-club
Southern Cross Cruises                                         ,+27 73 257 2319 ,http://www.southerncrosscruises.co.za/                                                                                                                                                     ,         4.5 ,           159 ,              4.5 ,                159 ,#39 on            ,"#39 on""Top 50 things to do and attractions in East London"""   ,"AboutSouthern Cross Cruises is the first tour operator in East London to have a boat-based permit for whale and dolphin watching. Guests have enjoyed comfortable and smooth trips with friendly and knowledgeable skippers, observing bottlenose dolphins and learning about ocean life. Safety measures are diligently followed, ensuring a secure experience. Visitors also appreciate the opportunity to enjoy a seafood mix platter while watching the beautiful sunset."                                                                                                                 ,https://wanderlog.com/place/details/10525554/southern-cross-cruises
Marlene Neumann Exclusive Fine Art Photography                 ,+27 83 321 3391 ,http://www.marleneneumann.com/                                                                                                                                                             ,         4.7 ,            33 ,              5.0 ,                 11 ,N/A               ,N/A                                                              ,Why you should go1Explore a tranquil and serene gallery hidden in suburbia2Admire beautiful artworks by talented photographer Marlene Neumann3Experience the stunning garden surrounding the gallery                                                                                                                                                                                                                                                                                                                                                                                            ,https://wanderlog.com/place/details/16898/marlene-neumann-exclusive-fine-art-photography
The Kitchen Table East London                                  ,+27 64 313 7441 ,https://www.facebook.com/thekitchentableel                                                                                                                                                 ,         4.6 ,           139 ,              4.6 ,                139 ,#26 on            ,"#26 on""The 50 best spots for lunch in East London"""           ,"AboutThe Kitchen Table East London is a popular dining spot with a variety of reviews. While Pinky Kitchen leads in ratings, it has fewer reviews compared to Jade Garden Fusion Restaurant, which has a slightly lower rating but more reviews. Visitors have enjoyed spectacular 4-course meals at The Kitchen Table East London, praising the flavors and pairings of each dish. Some have experienced excellent breakfasts despite minor issues like overcooked bacon, attributing it to possible kitchen staff changes."                                                                  ,https://wanderlog.com/place/details/9989202/the-kitchen-table-east-london
Wykato Spur                                                    ,+27 43 748 2011 ,https://www.spursteakranches.com/za/restaurant/wykato-spur?utm_source=google_maps&utm_medium=website_button&utm_campaign=SP&utm_content=SP                                                 ,         4.1 ,          1421 ,              3.0 ,                 37 ,N/A               ,N/A                                                              ,"AboutWykato Spur Steak Ranch is a family-friendly restaurant chain known for its delicious steaks, burgers, ribs, and wings. The establishment has received praise for its excellent breakfast options and attentive service. Guests have enjoyed the lively atmosphere at Wykato Spur Steak Ranch, often featuring singing and birthday celebrations. The restaurant is popular among families due to its fun environment for kids and friendly staff."                                                                                                                                       ,https://wanderlog.com/place/details/2903008/wykato-spur
Nando's Oxford Street (East London)                            ,+27 43 722 7801 ,https://store.nandos.co.za/details/oxford-street-(east-london)                                                                                                                             ,         4.1 ,          1608 ,              4.0 ,                 27 ,N/A               ,N/A                                                              ,"AboutNando's Oxford Street in East London is a popular Afro-Portuguese chain eatery that specializes in flame-grilled chicken smothered in zesty chili sauce. Patrons rave about their delectable chicken burgers adorned with delightful pineapple extras, complemented perfectly by the spicy chips on the side. First-time visitors are often impressed by the succulent and mouthwatering full chickens available for purchase."                                                                                                                                                           ,https://wanderlog.com/place/details/2801890/nandos-oxford-street-east-london
Las Vegas Spur                                                 ,+27 43 726 1133 ,https://www.spursteakranches.com/za/restaurant/las-vegas-spur?utm_source=google_maps&utm_medium=website_button&utm_campaign=SP&utm_content=SP                                              ,         4.1 ,          1133 ,              3.0 ,                 25 ,N/A               ,N/A                                                              ,"AboutLas Vegas Spur Steak Ranch is a family-friendly restaurant that offers steak, burgers, ribs and wings. The restaurant has a modern feel with attentive staff and reservations are accepted. There is a full bar as well as wine and beer. The restaurant also accepts American Express and Mastercard. Free wifi is available."                                                                                                                                                                                                                                                           ,https://wanderlog.com/place/details/2903207/las-vegas-spur
2 Brothers Pizza - Cambridge                                   ,+27 43 727 1369 ,http://www.2brotherspizza.co.za/                                                                                                                                                           ,         4.3 ,           582 ,              4.5 ,                  9 ,N/A               ,N/A                                                              ,Why you should go1Delicious pizzas with generous toppings2Fast and friendly service3Relaxed atmosphere                                                                                                                                                                                                                                                                                                                                                                                                                                                                                          ,https://wanderlog.com/place/details/3001066/2-brothers-pizza-cambridge
KFC Abbotsford                                                 ,+27 860 100 222 ,http://www.kfc.co.za/                                                                                                                                                                      ,         2.6 ,            15 ,              2.6 ,                 15 ,N/A               ,N/A                                                              ,Why you should go1Enjoy beautiful mountain views from the double-story layout2Experience friendly and helpful customer service3Opportunity to dine in an upstairs area with working air conditioning                                                                                                                                                                                                                                                                                                                                                                                            ,https://wanderlog.com/place/details/10717220/kfc-abbotsford
McDonald's East London Vincent Drive-Thru                      ,+27 43 727 0778 ,http://www.mcdonalds.co.za/                                                                                                                                                                ,         3.7 ,          1813 ,              1.0 ,                  2 ,#5 on             ,"#5 on""The 8 best fast food restaurants in East London"""       ,"AboutAt the McDonald's East London Vincent Drive-Thru, you can expect a classic fast-food experience that has stood the test of time. Known for its delicious burgers and crispy fries, this location is popular among locals. While the drive-thru line can be lengthy, patrons often find it worth the wait due to the friendly service provided by staff at every window. Customers have shared positive experiences with order accuracy and helpfulness from team members, ensuring a pleasant visit even when mistakes occur."                                                            ,https://wanderlog.com/place/details/3192671/mcdonalds-east-london-vincent-drive-thru
Steers                                                         ,+27 43 743 7578 ,https://location.steers.co.za/oxford-street?y_source=1_MTI0MzA0NTEtNzE1LWxvY2F0aW9uLndlYnNpdGU%3D                                                                                          ,         4.1 ,          2094 ,              4.1 ,               2094 ,#6 on             ,"#6 on""The 8 best fast food restaurants in East London"""       ,"AboutSteers is a beloved fast-food chain that has captured the hearts of many in East London with its signature flame-grilled beef burgers and thick, handmade chips. This popular spot also offers a variety of chicken dishes and mouthwatering ribs, making it a go-to for meat lovers. And don’t forget to indulge in their delightful ice cream for dessert!"                                                                                                                                                                                                                             ,https://wanderlog.com/place/details/3519838/steers
Roman's Pizza Gonubie                                          ,+27 43 732 1014 ,https://www.romanspizza.co.za/?utm_medium=gmb%20listings&utm_source=business.google.com&utm_campaign=Roman's%20Pizza%20Gonubie&utm_content=Website%20Button                                ,         4.2 ,           433 ,              4.2 ,                433 ,#8 on             ,"#8 on""The 8 best fast food restaurants in East London"""       ,"AboutRoman's Pizza Gonubie is a delightful pizza destination that specializes in crafting both traditional and unique pies, all made to order with the freshest ingredients. While they don't offer delivery, you can conveniently call ahead and pick up your meal within about 20 minutes. Many visitors appreciate the friendly atmosphere reminiscent of family gatherings, making it a great spot to unwind after a long day. Although some have experienced longer wait times or minor issues with toppings, overall feedback highlights significant improvements in quality over time." ,https://wanderlog.com/place/details/7646401/romans-pizza-gonubie
Debonairs Pizza                                                ,+27 43 736 1443 ,https://location.debonairspizza.co.za/east-london-greenfields?y_source=1_MTI0NTA3MjMtNzE1LWxvY2F0aW9uLndlYnNpdGU%3D                                                                        ,         3.4 ,           136 ,              3.4 ,                136 ,#4 on             ,"#4 on""The 8 best fast food restaurants in East London"""       ,"AboutDebonairs Pizza is a modern fast-food chain that has carved out its niche as Africa's premier pizza destination since its inception in 1991 by two enterprising university students. With locations in Beacon, Vincent Park, CBD, Hemingways Mall, Beach Front, and Southernwood, it offers an array of classic and specialty pizzas paired with refreshing soft drinks. Customers rave about the speedy delivery service—often pleasantly surprised by how quickly their hot pizzas arrive at their doorstep."                                                                           ,https://wanderlog.com/place/details/3192662/debonairs-pizza
Fishaways                                                      ,+27 43 722 1039 ,https://location.fishaways.co.za/beachfront?y_source=1_MTI0NDA2NjEtNzE1LWxvY2F0aW9uLndlYnNpdGU%3D                                                                                          ,         4.3 ,            83 ,              4.3 ,                 83 ,#7 on             ,"#7 on""The 8 best fast food restaurants in East London"""       ,"AboutIf you're on the hunt for a delightful seafood experience, look no further than Fishaways! This modern counter-serve café and takeaway chain specializes in battered seafood, fish burgers, and curry pots. With locations in Southernwood and Gonubie, it's becoming a favorite among locals and visitors alike. Diners rave about the delicious Hake Spicy Pot paired with rice, all enjoyed in a friendly seaside atmosphere."                                                                                                                                                         ,https://wanderlog.com/place/details/3519904/fishaways
Nando's Vincent Park                                           ,+27 43 726 7738 ,https://store.nandos.co.za/details/vincent-park                                                                                                                                            ,         4.1 ,          1475 ,              3.5 ,                  9 ,N/A               ,N/A                                                              ,"AboutNando's Vincent Park is a vibrant Afro-Portuguese eatery renowned for its mouthwatering flame-grilled chicken, generously coated in their signature spicy chili sauce. Diners rave about the delectable flavors that keep them coming back for more. However, it's worth noting that the preparation time can be a bit lengthy, so patience may be required while you await your delicious meal. Overall, Nando's Vincent Park promises an exciting culinary experience with its unique offerings!"                                                                                       ,https://wanderlog.com/place/details/3192682/nandos-vincent-park
Nando's Amalinda Drive Thru                                    ,+27 43 741 4122 ,https://store.nandos.co.za/details/amalinda                                                                                                                                                ,         4.0 ,           931 ,              4.5 ,                  5 ,N/A               ,N/A                                                              ,"AboutNando's is a popular international grill restaurant chain that has locations all over the world. The Amalinda Drive Thru in South Africa offers a twist on the Afro-Portuguese cuisine with an upscale and comfortable dining experience. The friendly staff are quick to serve up excellent take away food, especially their Hot Pot."                                                                                                                                                                                                                                                   ,https://wanderlog.com/place/details/2903022/nandos-amalinda-drive-thru
Wimpy                                                          ,+27 43 721 0647 ,https://location.wimpy.co.za/hemingways-mall?y_source=1_MTIzNjA1ODktNzE1LWxvY2F0aW9uLndlYnNpdGU%3D                                                                                         ,         4.4 ,           749 ,              4.0 ,                  5 ,N/A               ,N/A                                                              ,"AboutWimpy, a well-established chain, offers a laid-back dining experience with an array of offerings such as burgers, mixed grills, and comforting dishes. The ambiance is warm and inviting, creating a relaxed atmosphere for families to enjoy their meals. The staff members are both amiable and proficient in their service, ensuring customers feel welcome and satisfied throughout their visit. Notably, the manager actively engages with patrons by personally checking in on their dining experiences."                                                                           ,https://wanderlog.com/place/details/2903073/wimpy
McDonald's Beacon Bay Drive-Thru                               ,+27 43 748 4761 ,http://www.mcdonalds.co.za/                                                                                                                                                                ,         3.5 ,          1696 ,              1.0 ,                  4 ,N/A               ,N/A                                                              ,"AboutMcDonald's Beacon Bay Drive-Thru is an iconic, well-established fast-food franchise celebrated for its delectable hamburgers and crispy fries. This timeless, enduring eatery has garnered a reputation for offering a wide selection of savory patties sandwiched between fluffy buns, accompanied by perfectly golden and salted potato sticks. With an extensive history in the industry, this renowned chain has become synonymous with quick-service dining and is beloved by millions around the globe."                                                                            ,https://wanderlog.com/place/details/3192636/mcdonalds-beacon-bay-drive-thru
Roman's Pizza Cambridge East London                            ,+27 43 050 4225 ,https://www.romanspizza.co.za/                                                                                                                                                             ,         4.0 ,           403 ,              3.0 ,                  2 ,N/A               ,N/A                                                              ,Why you should go1Enjoy flavorful pizzas like sweet chilli chicken with fetta2Great customer service according to many reviewers3Budget-friendly specials available                                                                                                                                                                                                                                                                                                                                                                                                                             ,https://wanderlog.com/place/details/9867480/romans-pizza-cambridge-east-london
McDonald's Amalinda Drive-Thru                                 ,+27 43 741 2713 ,http://www.mcdonalds.co.za/                                                                                                                                                                ,         4.2 ,          1006 ,              5.0 ,                  1 ,N/A               ,N/A                                                              ,"AboutMcDonald's Amalinda Drive-Thru is a well-established fast-food restaurant famous for its burgers and fries. Visitors often appreciate the friendly staff and efficient service, especially during breakfast hours. The establishment maintains a clean and sanitized environment, with sanitizing bottles available on every table. Customers also praise the popular menu items such as nuggets with BBQ sauce and chili fries, while noting the amiable demeanor of the staff members."                                                                                                 ,https://wanderlog.com/place/details/3192665/mcdonalds-amalinda-drive-thru
Burger King Kariega - Corkwood Mall (Drive-Thru)               ,+27 21 417 5910 ,http://www.burgerking.co.za/                                                                                                                                                               ,         4.0 ,           452 ,              4.0 ,                452 ,N/A               ,N/A                                                              ,Why you should go1Enjoy divine food with great taste2Experience fast and friendly service3Consistent quality across Burger King branches                                                                                                                                                                                                                                                                                                                                                                                                                                                        ,https://wanderlog.com/place/details/7628200/burger-king-kariega-corkwood-mall-drive-thru
Hungry Lion Gillwell Mall                                      ,+27 47 722 0530 ,https://www.hungrylion.co.za/                                                                                                                                                              ,         3.5 ,            24 ,              3.5 ,                 24 ,N/A               ,N/A                                                              ,Why you should go1Try their delicious chicken2Experience their efficient handling of load shedding with a generator backup3Enjoy a variety of options available on the menu                                                                                                                                                                                                                                                                                                                                                                                                                     ,https://wanderlog.com/place/details/7823029/hungry-lion-gillwell-mall
Zebro's                                                        ,+27 87 654 9214 ,https://www.zebros.co.za/                                                                                                                                                                  ,         4.1 ,             7 ,              4.1 ,                  7 ,N/A               ,N/A                                                              ,"AboutZebro's is a fantastic place to visit, especially for their Chesa Weekend special. Although there is one suggestion to consider, which is to grill the beef just as well as they grill the chicken. Apart from that, the food at Zebro's is delicious and their sauces are truly remarkable. The restaurant offers a cozy atmosphere with quick service and outstanding quality dishes."                                                                                                                                                                                                  ,https://wanderlog.com/place/details/3192667/zebros
Zebro's                                                        ,+27 43 721 0834 ,https://www.zebros.co.za/                                                                                                                                                                  ,         1.8 ,             5 ,              1.8 ,                  5 ,N/A               ,N/A                                                              ,"AboutZebro's, a renowned chicken eatery, consistently delivers delectable cuisine that never fails to impress. The wish is for Zebro's to broaden its reach and establish a presence in KZN Ladysmith due to relocation."                                                                                                                                                                                                                                                                                                                                                                      ,https://wanderlog.com/place/details/3192771/zebros
Hungry Lion East London Fleet Street                           ,+27 87 288 9421 ,http://www.hungrylion.co.za/?utm_source=google_maps&utm_medium=website_link&utm_campaign=SP&utm_content=SP                                                                                 ,         4.8 ,             4 ,              4.8 ,                  4 ,N/A               ,N/A                                                              ,"Highlighted reviewsSlide 1 of 2It's very clean,the staff also is very friendly and patient.They seem very motivated,were cleaning the windows while it was slow inside as it is a SundayI enjoyed well cooked meet, and my order did not take long to be ready.It's very clean,the staff also is very friendly and patient.They seem very motivated,were cleaning the windows while it was slow inside as it is a SundayI enjoyed well cooked meet, and my order did not take long to be ready.See all reviews"                                                                                ,https://wanderlog.com/place/details/10717222/hungry-lion-east-london-fleet-street
